id,kind,changci,nickname,sex,level,coin,diamond,cointime,coinup,vip,headframe,phone,,,,,,,,,,use
1,1,1,花生米,1,1002,2000,0,1,50000,0,0,10005000101,,,,,,,,,,
2,1,1,三分书生气,1,1002,5368,1,1,50000,0,0,10005000102,,,,,,,,,,
3,1,1,姐的霸气,2,1002,8736,2,1,50000,0,0,10005000103,,,,,,,,,,
4,1,1,盯着试卷,1,1002,12104,3,1,50000,0,0,10005000104,,,,,,,,,,
5,1,1,网名太拽,1,1002,15472,4,1,50000,0,0,10005000105,,,,,,,,,,
6,1,1,冷眼看你演,1,1002,18840,5,1,50000,0,0,10005000106,,,,,,,,,,
7,1,1,浪漫的杀手,1,1002,22208,6,1,50000,0,0,10005000107,,,,,,,,,,
8,1,1,草莓味的吻,2,1002,25576,7,1,50000,0,0,10005000108,,,,,,,,,,
9,1,1,拿稳感情刀,1,1002,28944,8,1,50000,0,0,10005000109,,,,,,,,,,
10,1,1,污界扛把子,1,1002,32312,9,1,50000,0,0,10005000110,,,,,,,,,,
11,1,1,一脸美人痣,2,1002,35680,10,1,50000,0,0,10005000111,,,,,,,,,,
12,1,1,原味少女心,2,1002,39048,11,1,100000,0,0,10005000112,,,,,,,,,,
13,1,1,独走感情路,1,1003,42416,12,1,100000,0,0,10005000113,,,,,,,,,,
14,1,1,余生牵她手,1,1003,45784,13,1,100000,0,0,10005000114,,,,,,,,,,
15,1,1,心软脾气爆,2,1003,49152,14,1,100000,0,0,10005000115,,,,,,,,,,
16,1,1,顾北清歌寒,2,1003,52520,15,1,100000,0,0,10005000116,,,,,,,,,,
17,1,1,青春喂了狗,2,1003,55888,16,1,100000,0,0,10005000117,,,,,,,,,,
18,1,1,痞味小污女,2,1003,59256,17,1,100000,0,0,10005000118,,,,,,,,,,
19,1,1,懒得想,2,1003,62624,18,1,100000,0,0,10005000119,,,,,,,,,,
20,1,1,轰炸男厕所,2,1003,65992,19,1,100000,0,0,10005000120,,,,,,,,,,
21,1,1,情少故事多,1,1003,69360,20,1,100000,0,0,10005000121,,,,,,,,,,
22,1,1,挥刀斩情丝,2,1003,72728,21,1,100000,0,0,10005000122,,,,,,,,,,
23,1,1,持刀稳情场,2,1003,76096,22,1,100000,0,0,10005000123,,,,,,,,,,
24,1,1,一身仙女味,2,1003,79464,23,1,150000,0,0,10005000124,,,,,,,,,,
25,1,1,很酷不撩妹,1,1003,82832,24,1,150000,0,0,10005000125,,,,,,,,,,
26,1,1,西瓜的夏天,2,1003,86200,25,1,150000,1,0,10005000126,,,,,,,,,,
27,1,1,收心不再浪,2,1003,89568,26,1,150000,1,0,10005000127,,,,,,,,,,
28,1,1,余生牵你手,2,1003,92936,27,1,150000,1,0,10005000128,,,,,,,,,,
29,1,1,好莱污影帝,1,1003,96304,28,2,150000,1,0,10005000129,,,,,,,,,,
30,1,1,孤酒浪人,2,1003,99672,29,2,150000,1,0,10005000130,,,,,,,,,,
31,1,1,我心已冷,1,1003,103040,30,2,150000,1,0,10005000131,,,,,,,,,,
32,1,1,百毒不侵,1,1003,106408,31,2,150000,1,0,10005000132,,,,,,,,,,
33,2,1,浪人与酒,1,1003,109776,32,2,150000,1,0,10005000133,,,,,,,,,,
34,2,1,世态炎凉,2,1003,113144,33,2,150000,2,0,10005000134,,,,,,,,,,
35,2,1,像个笑话,2,1003,116512,34,2,150000,2,0,10005000135,,,,,,,,,,
36,2,1,旧时猫巷,2,1004,119880,35,2,150000,2,0,10005000136,,,,,,,,,,
37,2,1,痴人说梦,1,1004,123248,36,2,150000,2,0,10005000137,,,,,,,,,,
38,2,1,孤独情话,2,1004,126616,37,2,150000,2,0,10005000138,,,,,,,,,,
39,2,1,败给现实,2,1004,129984,38,2,150000,2,0,10005000139,,,,,,,,,,
40,2,1,故人老街,2,1004,100000,39,2,150000,0,0,10005000140,,,,,,,,,,
41,1,2,神经领袖,1,1005,117241,40,1,500000,0,0,10005000141,,,,,,,,,,
42,1,2,顾与南歌,1,1005,134482,41,1,500000,0,0,10005000142,,,,,,,,,,
43,1,2,凉城凉忆,1,1005,151723,42,1,500000,0,0,10005000143,,,,,,,,,,
44,1,2,静梦蔷薇,2,1005,168964,43,1,500000,0,0,10005000144,,,,,,,,,,
45,1,2,盛夏物语,2,1005,186205,44,1,500000,0,0,10005000145,,,,,,,,,,
46,1,2,孤城少女,2,1005,203446,45,1,500000,0,0,10005000146,,,,,,,,,,
47,2,2,泪雨成殇,1,1005,220687,46,1,500000,0,0,10005000147,,,,,,,,,,
48,2,2,人心难测,1,1005,237928,47,1,500000,0,0,10005000148,,,,,,,,,,
49,2,2,孤身一人,1,1005,255169,48,1,500000,0,0,10005000149,,,,,,,,,,
50,2,2,情葬死海,1,1005,272410,49,1,500000,0,0,10005000150,,,,,,,,,,
51,2,2,陌上归人,1,1005,289651,50,1,800000,0,0,10005000151,,,,,,,,,,
52,2,2,羽落凡宸,1,1005,306892,51,1,800000,2,0,10005000152,,,,,,,,,,
53,2,2,心在流浪,2,1005,324133,52,1,800000,2,0,10005000153,,,,,,,,,,
54,2,2,低吟寂寞,2,1005,341374,53,1,800000,2,0,10005000154,,,,,,,,,,
55,2,2,情深似海,2,1005,358615,54,1,800000,2,0,10005000155,,,,,,,,,,
56,2,2,认证帅哥,1,1005,375856,55,2,800000,2,0,10005000156,,,,,,,,,,
57,2,2,帅到没人爱,1,1005,393097,56,2,800000,2,0,10005000157,,,,,,,,,,
58,2,2,帅的被人砍,1,1005,410338,57,2,800000,2,0,10005000158,,,,,,,,,,
59,2,2,从头酷到脚,1,1006,427579,58,2,800000,2,0,10005000159,,,,,,,,,,
60,2,2,24K纯帅,1,1006,444820,59,2,800000,3,0,10005000160,,,,,,,,,,
61,2,2,美的冒泡,2,1006,462061,60,2,1000000,3,0,10005000161,,,,,,,,,,
62,2,2,酷到不说话,1,1006,479302,61,2,1000000,3,0,10005000162,,,,,,,,,,
63,2,2,我帅我随意,1,1006,496543,62,2,1000000,3,0,10005000163,,,,,,,,,,
64,2,2,帅能当饭吃,1,1006,513784,63,2,1000000,3,0,10005000164,,,,,,,,,,
65,3,2,人帅是非多,1,1006,531025,64,2,1000000,3,0,10005000165,,,,,,,,,,
66,3,2,我怕帅哭你,1,1006,548266,65,2,1000000,3,0,10005000166,,,,,,,,,,
67,3,2,华灯初上,2,1006,565507,66,2,1000000,3,0,10005000167,,,,,,,,,,
68,3,2,亡梦爱人,2,1006,582748,67,2,1000000,3,0,10005000168,,,,,,,,,,
69,3,2,感谢相遇,2,1006,599989,68,2,1000000,3,0,10005000169,,,,,,,,,,
70,3,2,呆萌大叔,1,1006,700000,69,2,1000000,0,0,10005000170,,,,,,,,,,
71,2,3,戏子无情,1,1006,779310,70,1,3000000,0,0,10005000171,,,,,,,,,,
72,2,3,陌人不故,1,1006,858620,71,1,3000000,0,0,10005000172,,,,,,,,,,
73,2,3,不说离别,1,1006,937930,72,1,3000000,0,0,10005000173,,,,,,,,,,
74,2,3,时光无心,1,1006,1017240,73,1,3000000,0,0,10005000174,,,,,,,,,,
75,2,3,阿猫阿狗,1,1006,1096550,74,1,3000000,1,0,10005000175,,,,,,,,,,
76,2,3,离陌笙歌,1,1006,1175860,75,1,3000000,1,0,10005000176,,,,,,,,,,
77,3,3,一腔孤勇,1,1006,1255170,76,1,3000000,1,0,10005000177,,,,,,,,,,
78,3,3,孤街浪徒,1,1006,1334480,77,1,3000000,1,0,10005000178,,,,,,,,,,
79,3,3,安城旧人,1,1006,1413790,78,1,3000000,1,0,10005000179,,,,,,,,,,
80,3,3,笑对孤独,1,1006,1493100,79,1,3000000,1,0,10005000180,,,,,,,,,,
81,3,3,凉城无爱,1,1007,1572410,80,1,3000000,1,0,10005000181,,,,,,,,,,
82,3,3,云淡风轻,2,1007,1651720,81,1,3000000,2,0,10005000182,,,,,,,,,,
83,3,3,半夏微凉,2,1007,1731030,82,1,3000000,2,0,10005000183,,,,,,,,,,
84,3,3,无人久伴,2,1007,1810340,83,2,3000000,2,0,10005000184,,,,,,,,,,
85,3,3,别谈爱情,2,1007,1889650,84,2,3000000,2,0,10005000185,,,,,,,,,,
86,4,3,云卷云舒,2,1007,1968960,85,2,3000000,2,0,10005000186,,,,,,,,,,
87,4,3,偶尔合群,2,1007,2048270,86,2,3000000,2,0,10005000187,,,,,,,,,,
88,4,3,易缕烊光,2,1007,2127580,87,2,3000000,2,0,10005000188,,,,,,,,,,
89,4,3,笑拥孤独,2,1007,2206890,88,2,3000000,0,0,10005000189,,,,,,,,,,
90,4,3,久爱不悔,2,1008,2286200,89,1,3000000,0,0,10005000190,,,,,,,,,,
91,3,4,欲陌安生,1,1008,7300000,90,1,99999999,0,0,10005000191,,,,,,,,,,
92,3,4,念念不忘,1,1008,10600000,91,1,99999999,2,0,10005000192,,,,,,,,,,
93,3,4,雪舞樱飞,1,1008,13900000,92,2,99999999,2,0,10005000193,,,,,,,,,,
94,3,4,执念一人,2,1008,17200000,93,2,99999999,2,0,10005000194,,,,,,,,,,
95,4,4,康忙北鼻,1,1008,20500000,94,2,99999999,3,0,10005000195,,,,,,,,,,
96,4,4,至尊天下,1,1008,23800000,95,2,99999999,3,0,10005000196,,,,,,,,,,
97,4,4,浪子无家,1,1008,27100000,96,2,99999999,3,0,10005000197,,,,,,,,,,
98,4,4,安好勿念,2,1008,30400000,97,2,99999999,3,0,10005000198,,,,,,,,,,
99,4,4,删除记忆,2,1008,33700000,98,2,99999999,3,0,10005000199,,,,,,,,,,
100,4,4,心尖爱人,2,1008,37000000,99,2,99999999,3,0,10005000200,,,,,,,,,,
101,1,1,三千女粉丝,1,1002,2000,0,1,50000,0,0,10005000201,,,,,,,,,,
102,1,1,用户已诈尸,1,1002,5368,1,1,50000,0,0,10005000202,,,,,,,,,,
103,1,1,背后不说人,1,1002,8736,2,1,50000,0,0,10005000203,,,,,,,,,,
104,1,1,别墅野情,1,1002,12104,3,1,50000,0,0,10005000204,,,,,,,,,,
105,1,1,我中了一抢,1,1002,15472,4,1,50000,0,0,10005000205,,,,,,,,,,
106,1,1,勾引小白兔,1,1002,18840,5,1,50000,0,0,10005000206,,,,,,,,,,
107,1,1,烈酒与马子,1,1002,22208,6,1,50000,0,0,10005000207,,,,,,,,,,
108,1,1,蹲下抱头,1,1002,25576,7,1,50000,0,0,10005000208,,,,,,,,,,
109,1,1,骂骂更健康,1,1002,28944,8,1,50000,0,0,10005000209,,,,,,,,,,
110,1,1,酷毙的大脑,1,1002,32312,9,1,50000,0,0,10005000210,,,,,,,,,,
111,1,1,呆到自然萌,1,1002,35680,10,1,50000,0,0,10005000211,,,,,,,,,,
112,1,1,拯救胡萝卜,1,1002,39048,11,1,100000,0,0,10005000212,,,,,,,,,,
113,1,1,黑毛警长,1,1003,42416,12,1,100000,0,0,10005000213,,,,,,,,,,
114,1,1,发份涂墙,1,1003,45784,13,1,100000,0,0,10005000214,,,,,,,,,,
115,1,1,夏日么么凉、,2,1003,49152,14,1,100000,0,0,10005000215,,,,,,,,,,
116,1,1,命犯挑花,1,1003,52520,15,1,100000,0,0,10005000216,,,,,,,,,,
117,1,1,宝宝金水,2,1003,55888,16,1,100000,0,0,10005000217,,,,,,,,,,
118,1,1,青春躁动症,2,1003,59256,17,1,100000,0,0,10005000218,,,,,,,,,,
119,1,1,治愈系乡霸,1,1003,62624,18,1,100000,0,0,10005000219,,,,,,,,,,
120,1,1,光头尼姑,2,1003,65992,19,1,100000,0,0,10005000220,,,,,,,,,,
121,1,1,加勒比海带,2,1003,69360,20,1,100000,0,0,10005000221,,,,,,,,,,
122,1,1,梦中穷人,1,1003,72728,21,1,100000,0,0,10005000222,,,,,,,,,,
123,1,1,无七图形,2,1003,76096,22,1,100000,0,0,10005000223,,,,,,,,,,
124,1,1,少林铁头功,1,1003,79464,23,1,150000,0,0,10005000224,,,,,,,,,,
125,1,1,高调生活,2,1003,82832,24,1,150000,0,0,10005000225,,,,,,,,,,
126,1,1,非人,2,1003,86200,25,1,150000,1,0,10005000226,,,,,,,,,,
127,1,1,窃尽光阴,2,1003,89568,26,1,150000,1,0,10005000227,,,,,,,,,,
128,1,1,降龙罗宾汉,1,1003,92936,27,1,150000,1,0,10005000228,,,,,,,,,,
129,1,1,浅港,2,1003,96304,28,2,150000,1,0,10005000229,,,,,,,,,,
130,1,1,墨染红尘,2,1003,99672,29,2,150000,1,0,10005000230,,,,,,,,,,
131,1,1,琉箫,2,1003,103040,30,2,150000,1,0,10005000231,,,,,,,,,,
132,1,1,梦幻雪冰,2,1003,106408,31,2,150000,1,0,10005000232,,,,,,,,,,
133,2,1,残月,2,1003,109776,32,2,150000,1,0,10005000233,,,,,,,,,,
134,2,1,清冷孤傲,2,1003,113144,33,2,150000,2,0,10005000234,,,,,,,,,,
135,2,1,绝恋,2,1003,116512,34,2,150000,2,0,10005000235,,,,,,,,,,
136,2,1,曼珠梦屿,2,1004,119880,35,2,150000,2,0,10005000236,,,,,,,,,,
137,2,1,孤冷,1,1004,123248,36,2,150000,2,0,10005000237,,,,,,,,,,
138,2,1,歌岛礼矢,2,1004,126616,37,2,150000,2,0,10005000238,,,,,,,,,,
139,2,1,离欢,2,1004,129984,38,2,150000,2,0,10005000239,,,,,,,,,,
140,2,1,鹤归孤山,2,1004,100000,39,2,150000,0,0,10005000240,,,,,,,,,,
141,1,2,心塞,1,1005,117241,40,1,500000,0,0,10005000241,,,,,,,,,,
142,1,2,云海之巅,1,1005,134482,41,1,500000,0,0,10005000242,,,,,,,,,,
143,1,2,泪痕,1,1005,151723,42,1,500000,0,0,10005000243,,,,,,,,,,
144,1,2,望断天涯,1,1005,168964,43,1,500000,0,0,10005000244,,,,,,,,,,
145,1,2,守梦,1,1005,186205,44,1,500000,0,0,10005000245,,,,,,,,,,
146,1,2,破殇,1,1005,203446,45,1,500000,0,0,10005000246,,,,,,,,,,
147,2,2,忘川流年,1,1005,220687,46,1,500000,0,0,10005000247,,,,,,,,,,
148,2,2,踏尘,1,1005,237928,47,1,500000,0,0,10005000248,,,,,,,,,,
149,2,2,一抹阳光,1,1005,255169,48,1,500000,0,0,10005000249,,,,,,,,,,
150,2,2,浅哀,1,1005,272410,49,1,500000,0,0,10005000250,,,,,,,,,,
151,2,2,末世心蔷,1,1005,289651,50,1,800000,0,0,10005000251,,,,,,,,,,
152,2,2,烛伤,1,1005,306892,51,1,800000,2,0,10005000252,,,,,,,,,,
153,2,2,繁花院络,2,1005,324133,52,1,800000,2,0,10005000253,,,,,,,,,,
154,2,2,冷眸,2,1005,341374,53,1,800000,2,0,10005000254,,,,,,,,,,
155,2,2,Vincent,1,1005,358615,54,1,800000,2,0,10005000255,,,,,,,,,,
156,2,2,过路人,2,1005,375856,55,2,800000,2,0,10005000256,,,,,,,,,,
157,2,2,Michael,2,1005,393097,56,2,800000,2,0,10005000257,,,,,,,,,,
158,2,2,怪叔叔,1,1005,410338,57,2,800000,2,0,10005000258,,,,,,,,,,
159,2,2,Hugo,2,1006,427579,58,2,800000,2,0,10005000259,,,,,,,,,,
160,2,2,心里的温柔,2,1006,444820,59,2,800000,3,0,10005000260,,,,,,,,,,
161,2,2,平淡人生,2,1006,462061,60,2,1000000,3,0,10005000261,,,,,,,,,,
162,2,2,waajok,2,1006,479302,61,2,1000000,3,0,10005000262,,,,,,,,,,
163,2,2,廖若晨星,2,1006,496543,62,2,1000000,3,0,10005000263,,,,,,,,,,
164,2,2,光辉岁月,2,1006,513784,63,2,1000000,3,0,10005000264,,,,,,,,,,
165,3,2,Oscar,2,1006,531025,64,2,1000000,3,0,10005000265,,,,,,,,,,
166,3,2,回忆深长,2,1006,548266,65,2,1000000,3,0,10005000266,,,,,,,,,,
167,3,2,不惑前行,2,1006,565507,66,2,1000000,3,0,10005000267,,,,,,,,,,
168,3,2,回头有谁,2,1006,582748,67,2,1000000,3,0,10005000268,,,,,,,,,,
169,3,2,靠他肩,2,1006,599989,68,2,1000000,3,0,10005000269,,,,,,,,,,
170,3,2,梦旅人,2,1006,700000,69,2,1000000,0,0,10005000270,,,,,,,,,,
171,2,3,伪君子,1,1006,779310,70,1,3000000,0,0,10005000271,,,,,,,,,,
172,2,3,六月雨,1,1006,858620,71,1,3000000,0,0,10005000272,,,,,,,,,,
173,2,3,跟踪人,1,1006,937930,72,1,3000000,0,0,10005000273,,,,,,,,,,
174,2,3,痴人泪,1,1006,1017240,73,1,3000000,0,0,10005000274,,,,,,,,,,
175,2,3,森呼吸,1,1006,1096550,74,1,3000000,1,0,10005000275,,,,,,,,,,
176,2,3,抱紧我,1,1006,1175860,75,1,3000000,1,0,10005000276,,,,,,,,,,
177,3,3,魂之神刃,1,1006,1255170,76,1,3000000,1,0,10005000277,,,,,,,,,,
178,3,3,坏气少爷,1,1006,1334480,77,1,3000000,1,0,10005000278,,,,,,,,,,
179,3,3,思念成灾,1,1006,1413790,78,1,3000000,1,0,10005000279,,,,,,,,,,
180,3,3,碎流韵檬,1,1006,1493100,79,1,3000000,1,0,10005000280,,,,,,,,,,
181,3,3,雨落轻尘,1,1007,1572410,80,1,3000000,1,0,10005000281,,,,,,,,,,
182,3,3,放逐爱情,2,1007,1651720,81,1,3000000,2,0,10005000282,,,,,,,,,,
183,3,3,风干迷茫,2,1007,1731030,82,1,3000000,2,0,10005000283,,,,,,,,,,
184,3,3,隔壁老王,1,1007,1810340,83,2,3000000,2,0,10005000284,,,,,,,,,,
185,3,3,这辈子重要,2,1007,1889650,84,2,3000000,2,0,10005000285,,,,,,,,,,
186,4,3,经得起假话,2,1007,1968960,85,2,3000000,2,0,10005000286,,,,,,,,,,
187,4,3,温暖我,2,1007,2048270,86,2,3000000,2,0,10005000287,,,,,,,,,,
188,4,3,神一样的霸,2,1007,2127580,87,2,3000000,2,0,10005000288,,,,,,,,,,
189,4,3,萌呆叫黑米,1,1007,2206890,88,2,3000000,0,0,10005000289,,,,,,,,,,
190,4,3,有种可爱,2,1008,2286200,89,1,3000000,0,0,10005000290,,,,,,,,,,
191,3,4,七杀,1,1008,7300000,90,1,99999999,0,0,10005000291,,,,,,,,,,
192,3,4,紫色风帆,1,1008,10600000,91,1,99999999,2,0,10005000292,,,,,,,,,,
193,3,4,独孤求败,1,1008,13900000,92,2,99999999,2,0,10005000293,,,,,,,,,,
194,3,4,七忆,2,1008,17200000,93,2,99999999,2,0,10005000294,,,,,,,,,,
195,4,4,寒魄,2,1008,20500000,94,2,99999999,3,0,10005000295,,,,,,,,,,
196,4,4,烟奴,2,1008,23800000,95,2,99999999,3,0,10005000296,,,,,,,,,,
197,4,4,汐影浊,2,1008,27100000,96,2,99999999,3,0,10005000297,,,,,,,,,,
198,4,4,鬼手,2,1008,30400000,97,2,99999999,3,0,10005000298,,,,,,,,,,
199,4,4,星恋辰,2,1008,33700000,98,2,99999999,3,0,10005000299,,,,,,,,,,
200,4,4,游和泰,2,1008,37000000,99,2,99999999,3,0,10005000300,,,,,,,,,,
201,4,4,洪霞文,2,1008,87647633,100,2,99999999,1,0,10005000301,,,,,,,,,,
202,4,4,绍涵衍,2,1008,87926713,276,2,99999999,3,0,10005000302,,,,,,,,,,
203,4,4,寻昭昭,2,1008,41403559,135,2,99999999,3,0,10005000303,,,,,,,,,,
204,4,4,慈名姝,2,1008,30590238,120,2,99999999,3,0,10005000304,,,,,,,,,,
205,4,4,庆雅艳,2,1008,73045719,393,2,99999999,1,0,10005000305,,,,,,,,,,
206,4,4,俟语梦,2,1008,84577361,112,2,99999999,2,0,10005000306,,,,,,,,,,
207,4,4,藤睿文,2,1008,45737758,110,2,99999999,1,0,10005000307,,,,,,,,,,
208,4,4,家涵意,2,1008,35617526,231,2,99999999,2,0,10005000308,,,,,,,,,,
209,4,4,剑晨旭,2,1008,37373872,114,2,99999999,1,0,10005000309,,,,,,,,,,
210,4,4,郏永思,2,1008,35049013,451,2,99999999,3,0,10005000310,,,,,,,,,,
211,4,4,郦君婷,2,1008,36553486,429,2,99999999,3,0,10005000311,,,,,,,,,,
212,4,4,能鸿福,2,1008,62632354,420,2,99999999,1,0,10005000312,,,,,,,,,,
213,4,4,介翠霜,2,1008,53521895,138,2,99999999,2,0,10005000313,,,,,,,,,,
214,4,4,屠若枫,2,1008,73168145,481,2,99999999,2,0,10005000314,,,,,,,,,,
215,4,4,佴德本,2,1008,51676831,488,2,99999999,3,0,10005000315,,,,,,,,,,
216,4,4,良高阳,2,1008,44232399,149,2,99999999,1,0,10005000316,,,,,,,,,,
217,4,4,商玉英,2,1008,42010879,184,2,99999999,2,0,10005000317,,,,,,,,,,
218,4,4,俞L芳,2,1008,89230513,260,2,99999999,2,0,10005000318,,,,,,,,,,
219,4,4,英梦桐,2,1008,85202602,104,2,99999999,1,0,10005000319,,,,,,,,,,
220,4,4,辛依风,2,1008,59522344,377,2,99999999,3,0,10005000320,,,,,,,,,,
221,4,4,仙小溪,2,1008,46356112,148,2,99999999,2,0,10005000321,,,,,,,,,,
222,4,4,子车婉仪,2,1008,64654654,134,2,99999999,3,0,10005000322,,,,,,,,,,
223,4,4,和灵秋,2,1008,72184457,257,2,99999999,1,0,10005000323,,,,,,,,,,
224,4,4,郑翠绿,2,1008,79057753,167,2,99999999,1,0,10005000324,,,,,,,,,,
225,4,4,戚三姗,2,1008,71929398,373,2,99999999,1,0,10005000325,,,,,,,,,,
226,4,4,霍嘉懿,2,1008,82751617,313,2,99999999,1,0,10005000326,,,,,,,,,,
227,4,4,孟怀曼,2,1008,74118497,309,2,99999999,3,0,10005000327,,,,,,,,,,
228,4,4,印陶然,2,1008,61889215,490,2,99999999,3,0,10005000328,,,,,,,,,,
229,4,4,堵清漪,2,1008,47650960,464,2,99999999,1,0,10005000329,,,,,,,,,,
230,4,4,随梦易,2,1008,30383999,138,2,99999999,2,0,10005000330,,,,,,,,,,
231,4,4,麻文君,2,1008,51050770,442,2,99999999,3,0,10005000331,,,,,,,,,,
232,4,4,道康宁,2,1008,85880847,478,2,99999999,1,0,10005000332,,,,,,,,,,
233,4,4,开问萍,2,1008,38202758,453,2,99999999,1,0,10005000333,,,,,,,,,,
234,4,4,邸智志,2,1008,38133281,414,2,99999999,2,0,10005000334,,,,,,,,,,
235,4,4,东方饮香,2,1008,32318447,150,2,99999999,3,0,10005000335,,,,,,,,,,
236,4,4,劳嘉庆,2,1008,61431545,421,2,99999999,1,0,10005000336,,,,,,,,,,
237,4,4,楼昊乾,2,1008,68025781,378,2,99999999,3,0,10005000337,,,,,,,,,,
238,4,4,老兰娜,2,1008,78859239,124,2,99999999,1,0,10005000338,,,,,,,,,,
239,4,4,麴清芬,2,1008,46085198,144,2,99999999,3,0,10005000339,,,,,,,,,,
240,4,4,逢芷珊,2,1008,63368346,430,2,99999999,3,0,10005000340,,,,,,,,,,
241,4,4,肇安白,2,1008,57154634,468,2,99999999,2,0,10005000341,,,,,,,,,,
242,4,4,邝尔烟,2,1008,81083122,287,2,99999999,2,0,10005000342,,,,,,,,,,
243,4,4,时康时,2,1008,83878574,274,2,99999999,1,0,10005000343,,,,,,,,,,
244,4,4,库嘉良,2,1008,85948526,303,2,99999999,3,0,10005000344,,,,,,,,,,
245,4,4,速冷珍,2,1008,43542540,229,2,99999999,3,0,10005000345,,,,,,,,,,
246,4,4,酒正志,2,1008,84130274,202,2,99999999,2,0,10005000346,,,,,,,,,,
247,4,4,慕幻翠,2,1008,82290955,222,2,99999999,3,0,10005000347,,,,,,,,,,
248,4,4,濮阳星星,2,1008,72228681,278,2,99999999,1,0,10005000348,,,,,,,,,,
249,4,4,空韵磬,2,1008,84820178,359,2,99999999,1,0,10005000349,,,,,,,,,,
250,4,4,池鹏运,2,1008,52723965,218,2,99999999,3,0,10005000350,,,,,,,,,,
251,4,4,苌翠桃,2,1008,63282211,298,2,99999999,1,0,10005000351,,,,,,,,,,
252,4,4,岑香岚,2,1008,77953735,176,2,99999999,3,0,10005000352,,,,,,,,,,
253,4,4,粘初晴,2,1008,42069621,263,2,99999999,2,0,10005000353,,,,,,,,,,
254,4,4,颛孙青枫,2,1008,30951213,424,2,99999999,1,0,10005000354,,,,,,,,,,
255,4,4,东郭寒烟,2,1008,49116031,324,2,99999999,2,0,10005000355,,,,,,,,,,
256,4,4,童才英,2,1008,45989331,339,2,99999999,3,0,10005000356,,,,,,,,,,
257,4,4,孝燕B,2,1008,50318976,320,2,99999999,1,0,10005000357,,,,,,,,,,
258,4,4,房泽语,2,1008,57171062,252,2,99999999,1,0,10005000358,,,,,,,,,,
259,4,4,濮尔柳,2,1008,76108691,492,2,99999999,2,0,10005000359,,,,,,,,,,
260,4,4,谷秀媚,2,1008,73759461,128,2,99999999,1,0,10005000360,,,,,,,,,,
261,4,4,相白竹,2,1008,42415295,252,2,99999999,2,0,10005000361,,,,,,,,,,
262,4,4,尹旭辉,2,1008,65827232,132,2,99999999,1,0,10005000362,,,,,,,,,,
263,4,4,傅欣可,2,1008,30049421,271,2,99999999,3,0,10005000363,,,,,,,,,,
264,4,4,艾曼丽,2,1008,57131539,104,2,99999999,3,0,10005000364,,,,,,,,,,
265,4,4,陀新荣,2,1008,74416542,373,2,99999999,2,0,10005000365,,,,,,,,,,
266,4,4,练南莲,2,1008,83175153,241,2,99999999,3,0,10005000366,,,,,,,,,,
267,4,4,权兰泽,2,1008,39621624,420,2,99999999,3,0,10005000367,,,,,,,,,,
268,4,4,桓寄风,2,1008,36916788,408,2,99999999,2,0,10005000368,,,,,,,,,,
269,4,4,籍令锋,2,1008,81623073,316,2,99999999,3,0,10005000369,,,,,,,,,,
270,4,4,符彭彭,2,1008,41825831,486,2,99999999,1,0,10005000370,,,,,,,,,,
271,4,4,谢依云,2,1008,76772668,223,2,99999999,1,0,10005000371,,,,,,,,,,
272,4,4,仵荏苒,2,1008,68586969,151,2,99999999,2,0,10005000372,,,,,,,,,,
273,4,4,真怀芹,2,1008,58597489,272,2,99999999,3,0,10005000373,,,,,,,,,,
274,4,4,富察俊明,2,1008,57612264,397,2,99999999,2,0,10005000374,,,,,,,,,,
275,4,4,熊秋白,2,1008,61338805,487,2,99999999,1,0,10005000375,,,,,,,,,,
276,4,4,隐芮优,2,1008,44430914,321,2,99999999,1,0,10005000376,,,,,,,,,,
277,4,4,狂洛灵,2,1008,33196581,119,2,99999999,2,0,10005000377,,,,,,,,,,
278,4,4,夫雅韵,2,1008,41296229,185,2,99999999,3,0,10005000378,,,,,,,,,,
279,4,4,大康健,2,1008,62049620,474,2,99999999,1,0,10005000379,,,,,,,,,,
280,4,4,安山雁,2,1008,45510442,403,2,99999999,2,0,10005000380,,,,,,,,,,
281,4,4,碧鲁阳飙,2,1008,70722093,136,2,99999999,2,0,10005000381,,,,,,,,,,
282,4,4,蹉明知,2,1008,84819451,499,2,99999999,3,0,10005000382,,,,,,,,,,
283,4,4,果映冬,2,1008,32365670,114,2,99999999,1,0,10005000383,,,,,,,,,,
284,4,4,雀易云,2,1008,86529614,385,2,99999999,2,0,10005000384,,,,,,,,,,
285,4,4,菅鸿才,2,1008,40695841,162,2,99999999,2,0,10005000385,,,,,,,,,,
286,4,4,尧诗蕊,2,1008,57449254,137,2,99999999,3,0,10005000386,,,,,,,,,,
287,4,4,广灵波,2,1008,34065968,217,2,99999999,2,0,10005000387,,,,,,,,,,
288,4,4,樊雨兰,2,1008,67627657,450,2,99999999,3,0,10005000388,,,,,,,,,,
289,4,4,保友易,2,1008,57240542,402,2,99999999,2,0,10005000389,,,,,,,,,,
290,4,4,旗蕴美,2,1008,88174602,400,2,99999999,3,0,10005000390,,,,,,,,,,
291,4,4,智嘉歆,2,1008,85581232,443,2,99999999,1,0,10005000391,,,,,,,,,,
292,4,4,盘晨朗,2,1008,34109890,142,2,99999999,2,0,10005000392,,,,,,,,,,
293,4,4,达嘉悦,2,1008,51483384,254,2,99999999,3,0,10005000393,,,,,,,,,,
294,4,4,寿子舒,2,1008,68780455,391,2,99999999,3,0,10005000394,,,,,,,,,,
295,4,4,谭丹亦,2,1008,34045013,365,2,99999999,3,0,10005000395,,,,,,,,,,
296,4,4,那宾实,2,1008,34579829,343,2,99999999,3,0,10005000396,,,,,,,,,,
297,4,4,扬思敏,2,1008,66771329,497,2,99999999,3,0,10005000397,,,,,,,,,,
298,4,4,奈傲松,2,1008,54627803,348,2,99999999,1,0,10005000398,,,,,,,,,,
299,4,4,税鸿博,2,1008,60055393,340,2,99999999,2,0,10005000399,,,,,,,,,,
300,4,4,蹇忆远,2,1008,64558459,334,2,99999999,1,0,10005000400,,,,,,,,,,
301,4,4,松碧莹,2,1008,33680977,288,2,99999999,1,0,10005000401,,,,,,,,,,
302,4,4,左丘沛珊,2,1008,63626280,470,2,99999999,2,0,10005000402,,,,,,,,,,
303,4,4,善鹏海,2,1008,81912318,270,2,99999999,1,0,10005000403,,,,,,,,,,
304,4,4,史凡桃,2,1008,76649665,416,2,99999999,2,0,10005000404,,,,,,,,,,
305,4,4,虢雪松,2,1008,64906852,478,2,99999999,1,0,10005000405,,,,,,,,,,
306,4,4,咎慧美,2,1008,68339396,268,2,99999999,3,0,10005000406,,,,,,,,,,
307,4,4,余痴海,2,1008,39431342,368,2,99999999,1,0,10005000407,,,,,,,,,,
308,4,4,暨华采,2,1008,81007383,256,2,99999999,2,0,10005000408,,,,,,,,,,
309,4,4,轩辕彦B,2,1008,80348506,312,2,99999999,2,0,10005000409,,,,,,,,,,
310,4,4,倪依云,2,1008,87829472,144,2,99999999,3,0,10005000410,,,,,,,,,,
311,4,4,淳于修杰,2,1008,73303237,318,2,99999999,1,0,10005000411,,,,,,,,,,
312,4,4,祖听然,2,1008,47816205,400,2,99999999,1,0,10005000412,,,,,,,,,,
313,4,4,胥谷槐,2,1008,45819797,301,2,99999999,1,0,10005000413,,,,,,,,,,
314,4,4,甫醉柳,2,1008,63930330,378,2,99999999,3,0,10005000414,,,,,,,,,,
315,4,4,接芳洲,2,1008,75893618,351,2,99999999,2,0,10005000415,,,,,,,,,,
316,4,4,势凯复,2,1008,60387044,452,2,99999999,1,0,10005000416,,,,,,,,,,
317,4,4,闭刚捷,2,1008,83289160,181,2,99999999,1,0,10005000417,,,,,,,,,,
318,4,4,娄雅香,2,1008,79153658,347,2,99999999,3,0,10005000418,,,,,,,,,,
319,4,4,弭雨晴,2,1008,49841354,232,2,99999999,3,0,10005000419,,,,,,,,,,
320,4,4,寇寄云,2,1008,35756595,409,2,99999999,2,0,10005000420,,,,,,,,,,
321,4,4,代元青,2,1008,35259368,435,2,99999999,1,0,10005000421,,,,,,,,,,
322,4,4,充兰月,2,1008,79326078,233,2,99999999,3,0,10005000422,,,,,,,,,,
323,4,4,矫黛娥,2,1008,58135718,319,2,99999999,2,0,10005000423,,,,,,,,,,
324,4,4,卜夏菡,2,1008,88074073,135,2,99999999,3,0,10005000424,,,,,,,,,,
325,4,4,贯芷荷,2,1008,79751741,249,2,99999999,1,0,10005000425,,,,,,,,,,
326,4,4,逮思博,2,1008,75668638,451,2,99999999,1,0,10005000426,,,,,,,,,,
327,4,4,繁怀寒,2,1008,78506053,200,2,99999999,2,0,10005000427,,,,,,,,,,
328,4,4,锁思彤,2,1008,87807296,139,2,99999999,2,0,10005000428,,,,,,,,,,
329,4,4,友雪风,2,1008,71892668,288,2,99999999,3,0,10005000429,,,,,,,,,,
330,4,4,姚千山,2,1008,75692539,233,2,99999999,1,0,10005000430,,,,,,,,,,
331,4,4,尚夜绿,2,1008,32577204,108,2,99999999,2,0,10005000431,,,,,,,,,,
332,4,4,机寄琴,2,1008,84701023,224,2,99999999,3,0,10005000432,,,,,,,,,,
333,4,4,溥香菱,2,1008,40075267,356,2,99999999,3,0,10005000433,,,,,,,,,,
334,4,4,留芷若,2,1008,79323724,181,2,99999999,2,0,10005000434,,,,,,,,,,
335,4,4,嬴河灵,2,1008,81869448,209,2,99999999,3,0,10005000435,,,,,,,,,,
336,4,4,脱景曜,2,1008,77706862,221,2,99999999,2,0,10005000436,,,,,,,,,,
337,4,4,衡青曼,2,1008,73010209,162,2,99999999,2,0,10005000437,,,,,,,,,,
338,4,4,考靖巧,2,1008,80851513,260,2,99999999,3,0,10005000438,,,,,,,,,,
339,4,4,琦英卫,2,1008,48368319,496,2,99999999,1,0,10005000439,,,,,,,,,,
340,4,4,宓天骄,2,1008,38298906,137,2,99999999,1,0,10005000440,,,,,,,,,,
341,4,4,所咏志,2,1008,69126926,255,2,99999999,3,0,10005000441,,,,,,,,,,
342,4,4,回平松,2,1008,62415535,182,2,99999999,2,0,10005000442,,,,,,,,,,
343,4,4,百飞珍,2,1008,44065519,337,2,99999999,3,0,10005000443,,,,,,,,,,
344,4,4,乘觅双,2,1008,61403042,151,2,99999999,2,0,10005000444,,,,,,,,,,
345,4,4,壬华池,2,1008,80544965,314,2,99999999,1,0,10005000445,,,,,,,,,,
346,4,4,谈智宸,2,1008,46235975,301,2,99999999,3,0,10005000446,,,,,,,,,,
347,4,4,邴兴平,2,1008,64184364,179,2,99999999,2,0,10005000447,,,,,,,,,,
348,4,4,塔雅B,2,1008,47422419,260,2,99999999,2,0,10005000448,,,,,,,,,,
349,4,4,后婷婷,2,1008,66483416,144,2,99999999,3,0,10005000449,,,,,,,,,,
350,4,4,旷醉山,2,1008,84136953,273,2,99999999,3,0,10005000450,,,,,,,,,,
351,4,4,上官君昊,2,1008,57725383,309,2,99999999,2,0,10005000451,,,,,,,,,,
352,4,4,虞田田,2,1008,32915200,157,2,99999999,2,0,10005000452,,,,,,,,,,
353,4,4,伏慧语,2,1008,49189073,329,2,99999999,2,0,10005000453,,,,,,,,,,
354,4,4,敏语薇,2,1008,64808417,291,2,99999999,1,0,10005000454,,,,,,,,,,
355,4,4,璩芳洁,2,1008,88816190,444,2,99999999,2,0,10005000455,,,,,,,,,,
356,4,4,曾凝绿,2,1008,66963352,461,2,99999999,3,0,10005000456,,,,,,,,,,
357,4,4,种琴心,2,1008,34929430,142,2,99999999,3,0,10005000457,,,,,,,,,,
358,4,4,茆欣悦,2,1008,35886284,243,2,99999999,2,0,10005000458,,,,,,,,,,
359,4,4,卷阳伯,2,1008,34094647,196,2,99999999,2,0,10005000459,,,,,,,,,,
360,4,4,况竹韵,2,1008,36595379,396,2,99999999,2,0,10005000460,,,,,,,,,,
361,4,4,卢芷荷,2,1008,58393125,237,2,99999999,2,0,10005000461,,,,,,,,,,
362,4,4,始博涛,2,1008,49230587,366,2,99999999,1,0,10005000462,,,,,,,,,,
363,4,4,衷湛蓝,2,1008,35810722,249,2,99999999,3,0,10005000463,,,,,,,,,,
364,4,4,单于吉玉,2,1008,44970098,489,2,99999999,1,0,10005000464,,,,,,,,,,
365,4,4,兰晓曼,2,1008,38881187,216,2,99999999,1,0,10005000465,,,,,,,,,,
366,4,4,澹台曼容,2,1008,33053984,136,2,99999999,2,0,10005000466,,,,,,,,,,
367,4,4,律高达,2,1008,87310877,248,2,99999999,2,0,10005000467,,,,,,,,,,
368,4,4,羽柳思,2,1008,86081024,173,2,99999999,1,0,10005000468,,,,,,,,,,
369,4,4,丘蓝尹,2,1008,69309383,416,2,99999999,2,0,10005000469,,,,,,,,,,
370,4,4,鲜幼荷,2,1008,48542155,169,2,99999999,3,0,10005000470,,,,,,,,,,
371,4,4,扶暖暖,2,1008,44548496,356,2,99999999,1,0,10005000471,,,,,,,,,,
372,4,4,蒉柔静,2,1008,67406112,237,2,99999999,2,0,10005000472,,,,,,,,,,
373,4,4,梅初雪,2,1008,51441911,133,2,99999999,3,0,10005000473,,,,,,,,,,
374,4,4,潭梦华,2,1008,71744188,133,2,99999999,1,0,10005000474,,,,,,,,,,
375,4,4,夔冰岚,2,1008,40810448,452,2,99999999,3,0,10005000475,,,,,,,,,,
376,4,4,荀子墨,2,1008,78101102,262,2,99999999,2,0,10005000476,,,,,,,,,,
377,4,4,鲜于阳波,2,1008,83590083,199,2,99999999,3,0,10005000477,,,,,,,,,,
378,4,4,崇悦爱,2,1008,33705705,498,2,99999999,2,0,10005000478,,,,,,,,,,
379,4,4,紫子帆,2,1008,47832529,180,2,99999999,2,0,10005000479,,,,,,,,,,
380,4,4,盛俊晖,2,1008,40906883,362,2,99999999,3,0,10005000480,,,,,,,,,,
381,4,4,闳英毅,2,1008,60455759,194,2,99999999,3,0,10005000481,,,,,,,,,,
382,4,4,濯叶彤,2,1008,71173731,229,2,99999999,2,0,10005000482,,,,,,,,,,
383,4,4,冼凝丝,2,1008,70169467,362,2,99999999,2,0,10005000483,,,,,,,,,,
384,4,4,百里易巧,2,1008,74973996,473,2,99999999,3,0,10005000484,,,,,,,,,,
385,4,4,奉刚毅,2,1008,43495947,273,2,99999999,1,0,10005000485,,,,,,,,,,
386,4,4,犹秀越,2,1008,68984809,324,2,99999999,1,0,10005000486,,,,,,,,,,
387,4,4,厚翠琴,2,1008,45184265,401,2,99999999,1,0,10005000487,,,,,,,,,,
388,4,4,爱心愫,2,1008,38272147,183,2,99999999,3,0,10005000488,,,,,,,,,,
389,4,4,郝春妤,2,1008,54539381,469,2,99999999,2,0,10005000489,,,,,,,,,,
390,4,4,实雨柏,2,1008,56066089,224,2,99999999,1,0,10005000490,,,,,,,,,,
391,4,4,闻人炫明,2,1008,44999093,447,2,99999999,2,0,10005000491,,,,,,,,,,
392,4,4,覃长运,2,1008,56918812,386,2,99999999,2,0,10005000492,,,,,,,,,,
393,4,4,栗诗翠,2,1008,35769814,182,2,99999999,2,0,10005000493,,,,,,,,,,
394,4,4,明侠骞,2,1008,85467134,113,2,99999999,1,0,10005000494,,,,,,,,,,
395,4,4,越华皓,2,1008,66658025,239,2,99999999,3,0,10005000495,,,,,,,,,,
396,4,4,韩琬凝,2,1008,82266234,219,2,99999999,2,0,10005000496,,,,,,,,,,
397,4,4,喻其雨,2,1008,55684495,300,2,99999999,1,0,10005000497,,,,,,,,,,
398,4,4,碧怜烟,2,1008,60757127,218,2,99999999,2,0,10005000498,,,,,,,,,,
399,4,4,满雁凡,2,1008,62320246,469,2,99999999,1,0,10005000499,,,,,,,,,,
400,4,4,任漾漾,2,1008,40098245,134,2,99999999,3,0,10005000500,,,,,,,,,,
401,4,4,雪婉娜,2,1008,40957923,463,2,99999999,2,0,10005000501,,,,,,,,,,
402,4,4,蔺君昊,2,1008,82174052,406,2,99999999,2,0,10005000502,,,,,,,,,,
403,4,4,撒飞烟,2,1008,62039547,183,2,99999999,1,0,10005000503,,,,,,,,,,
404,4,4,丙曦哲,2,1008,44064727,492,2,99999999,1,0,10005000504,,,,,,,,,,
405,4,4,茅俊悟,2,1008,68814670,331,2,99999999,1,0,10005000505,,,,,,,,,,
406,4,4,镜珠雨,2,1008,41128750,237,2,99999999,2,0,10005000506,,,,,,,,,,
407,4,4,那拉玄素,2,1008,31411832,410,2,99999999,3,0,10005000507,,,,,,,,,,
408,4,4,侨宜楠,2,1008,67196999,230,2,99999999,1,0,10005000508,,,,,,,,,,
409,4,4,函雨彤,2,1008,58323400,185,2,99999999,1,0,10005000509,,,,,,,,,,
410,4,4,壤驷凌春,2,1008,69853110,453,2,99999999,1,0,10005000510,,,,,,,,,,
411,4,4,宿睿识,2,1008,30532093,285,2,99999999,3,0,10005000511,,,,,,,,,,
412,4,4,赖和玉,2,1008,56417466,388,2,99999999,2,0,10005000512,,,,,,,,,,
413,4,4,校若兰,2,1008,78504249,267,2,99999999,1,0,10005000513,,,,,,,,,,
414,4,4,于彤彤,2,1008,60587457,185,2,99999999,2,0,10005000514,,,,,,,,,,
415,4,4,绪新之,2,1008,59693775,303,2,99999999,3,0,10005000515,,,,,,,,,,
416,4,4,景雪莲,2,1008,65577363,392,2,99999999,1,0,10005000516,,,,,,,,,,
417,4,4,仪和煦,2,1008,66863836,162,2,99999999,1,0,10005000517,,,,,,,,,,
418,4,4,靖飞驰,2,1008,87017296,172,2,99999999,3,0,10005000518,,,,,,,,,,
419,4,4,焦从蓉,2,1008,48345072,423,2,99999999,2,0,10005000519,,,,,,,,,,
420,4,4,苍宜人,2,1008,75593952,420,2,99999999,2,0,10005000520,,,,,,,,,,
421,4,4,鄂长莹,2,1008,36398725,408,2,99999999,2,0,10005000521,,,,,,,,,,
422,4,4,续梦秋,2,1008,74365950,211,2,99999999,1,0,10005000522,,,,,,,,,,
423,4,4,古雅爱,2,1008,44010735,385,2,99999999,2,0,10005000523,,,,,,,,,,
424,4,4,寸绮丽,2,1008,87450103,365,2,99999999,1,0,10005000524,,,,,,,,,,
425,4,4,北新颖,2,1008,53000868,128,2,99999999,2,0,10005000525,,,,,,,,,,
426,4,4,贵沛儿,2,1008,59873698,158,2,99999999,3,0,10005000526,,,,,,,,,,
427,4,4,硕谷芹,2,1008,33015773,254,2,99999999,1,0,10005000527,,,,,,,,,,
428,4,4,让灵珊,2,1008,58409889,452,2,99999999,3,0,10005000528,,,,,,,,,,
429,4,4,说代柔,2,1008,81256798,269,2,99999999,3,0,10005000529,,,,,,,,,,
430,4,4,司寇娅思,2,1008,53280246,329,2,99999999,3,0,10005000530,,,,,,,,,,
431,4,4,西门静枫,2,1008,60879527,196,2,99999999,1,0,10005000531,,,,,,,,,,
432,4,4,鲍惜梦,2,1008,86268293,227,2,99999999,1,0,10005000532,,,,,,,,,,
433,4,4,蓝晓曼,2,1008,46889565,344,2,99999999,2,0,10005000533,,,,,,,,,,
434,4,4,弘雅惠,2,1008,84125589,377,2,99999999,2,0,10005000534,,,,,,,,,,
435,4,4,云惜玉,2,1008,88029406,381,2,99999999,3,0,10005000535,,,,,,,,,,
436,4,4,解碧玉,2,1008,46729878,320,2,99999999,1,0,10005000536,,,,,,,,,,
437,4,4,以乐人,2,1008,44087812,270,2,99999999,2,0,10005000537,,,,,,,,,,
438,4,4,公良萌运,2,1008,38062280,218,2,99999999,2,0,10005000538,,,,,,,,,,
439,4,4,伯清绮,2,1008,50581933,325,2,99999999,2,0,10005000539,,,,,,,,,,
440,4,4,字痴旋,2,1008,72841213,178,2,99999999,2,0,10005000540,,,,,,,,,,
441,4,4,青清宁,2,1008,77950753,221,2,99999999,2,0,10005000541,,,,,,,,,,
442,4,4,沈痴香,2,1008,40078125,147,2,99999999,3,0,10005000542,,,,,,,,,,
443,4,4,邶向雪,2,1008,80214789,367,2,99999999,3,0,10005000543,,,,,,,,,,
444,4,4,秘傲易,2,1008,72501337,467,2,99999999,1,0,10005000544,,,,,,,,,,
445,4,4,滑昆明,2,1008,78137003,154,2,99999999,1,0,10005000545,,,,,,,,,,
446,4,4,石友灵,2,1008,50328285,204,2,99999999,1,0,10005000546,,,,,,,,,,
447,4,4,义含秀,2,1008,33390175,159,2,99999999,2,0,10005000547,,,,,,,,,,
448,4,4,箕朋兴,2,1008,31374506,105,2,99999999,3,0,10005000548,,,,,,,,,,
449,4,4,抄新梅,2,1008,78104304,389,2,99999999,1,0,10005000549,,,,,,,,,,
450,4,4,承凝思,2,1008,87913263,415,2,99999999,1,0,10005000550,,,,,,,,,,
451,4,4,左凡阳,2,1008,74312122,104,2,99999999,2,0,10005000551,,,,,,,,,,
452,4,4,建雯华,2,1008,70197877,406,2,99999999,1,0,10005000552,,,,,,,,,,
453,4,4,章佳元绿,2,1008,41742016,375,2,99999999,1,0,10005000553,,,,,,,,,,
454,4,4,张廖安民,2,1008,78938965,440,2,99999999,3,0,10005000554,,,,,,,,,,
455,4,4,邬念巧,2,1008,40877173,440,2,99999999,2,0,10005000555,,,,,,,,,,
456,4,4,衅职君,2,1008,82758332,435,2,99999999,1,0,10005000556,,,,,,,,,,
457,4,4,都浩初,2,1008,33103262,178,2,99999999,2,0,10005000557,,,,,,,,,,
458,4,4,索冷之,2,1008,31240373,359,2,99999999,1,0,10005000558,,,,,,,,,,
459,4,4,温春柔,2,1008,42937663,191,2,99999999,3,0,10005000559,,,,,,,,,,
460,4,4,贺梦晨,2,1008,57268945,215,2,99999999,3,0,10005000560,,,,,,,,,,
461,4,4,拓跋雅容,2,1008,77266157,481,2,99999999,3,0,10005000561,,,,,,,,,,
462,4,4,虎飞文,2,1008,59593456,277,2,99999999,2,0,10005000562,,,,,,,,,,
463,4,4,孔正业,2,1008,30658262,159,2,99999999,2,0,10005000563,,,,,,,,,,
464,4,4,焉亦玉,2,1008,62536831,341,2,99999999,2,0,10005000564,,,,,,,,,,
465,4,4,顾紫雪,2,1008,31428718,268,2,99999999,1,0,10005000565,,,,,,,,,,
466,4,4,穆梦容,2,1008,63392579,309,2,99999999,3,0,10005000566,,,,,,,,,,
467,4,4,终嘉石,2,1008,81113601,242,2,99999999,3,0,10005000567,,,,,,,,,,
468,4,4,赛静白,2,1008,43142729,477,2,99999999,1,0,10005000568,,,,,,,,,,
469,4,4,法德明,2,1008,63960341,350,2,99999999,3,0,10005000569,,,,,,,,,,
470,4,4,学柔蔓,2,1008,84253971,113,2,99999999,3,0,10005000570,,,,,,,,,,
471,4,4,革芷文,2,1008,61243113,265,2,99999999,2,0,10005000571,,,,,,,,,,
472,4,4,掌翠芙,2,1008,80744610,338,2,99999999,3,0,10005000572,,,,,,,,,,
473,4,4,中半双,2,1008,40075125,144,2,99999999,2,0,10005000573,,,,,,,,,,
474,4,4,偶梦菡,2,1008,55176014,146,2,99999999,2,0,10005000574,,,,,,,,,,
475,4,4,皋梦菡,2,1008,59110595,155,2,99999999,3,0,10005000575,,,,,,,,,,
476,4,4,赫浩思,2,1008,47740037,212,2,99999999,2,0,10005000576,,,,,,,,,,
477,4,4,宰阳嘉,2,1008,35691780,194,2,99999999,1,0,10005000577,,,,,,,,,,
478,4,4,公西嘉年,2,1008,44755440,381,2,99999999,2,0,10005000578,,,,,,,,,,
479,4,4,宇文清秋,2,1008,43887481,196,2,99999999,1,0,10005000579,,,,,,,,,,
480,4,4,完颜朗宁,2,1008,89360543,204,2,99999999,3,0,10005000580,,,,,,,,,,
481,4,4,从盼柳,2,1008,87555454,277,2,99999999,3,0,10005000581,,,,,,,,,,
482,4,4,资芬芬,2,1008,38033615,109,2,99999999,3,0,10005000582,,,,,,,,,,
483,4,4,范姜绮南,2,1008,33392265,326,2,99999999,1,0,10005000583,,,,,,,,,,
484,4,4,功博耘,2,1008,84788819,120,2,99999999,1,0,10005000584,,,,,,,,,,
485,4,4,眭夏柳,2,1008,37706714,288,2,99999999,3,0,10005000585,,,,,,,,,,
486,4,4,仲暄美,2,1008,87568430,441,2,99999999,2,0,10005000586,,,,,,,,,,
487,4,4,祢菡梅,2,1008,75140065,471,2,99999999,1,0,10005000587,,,,,,,,,,
488,4,4,伊易绿,2,1008,46491834,243,2,99999999,2,0,10005000588,,,,,,,,,,
489,4,4,全雪绿,2,1008,73183397,231,2,99999999,3,0,10005000589,,,,,,,,,,
490,4,4,第五依霜,2,1008,48540806,296,2,99999999,2,0,10005000590,,,,,,,,,,
491,4,4,昌秀英,2,1008,36541549,408,2,99999999,2,0,10005000591,,,,,,,,,,
492,4,4,浑瀚海,2,1008,58159577,186,2,99999999,1,0,10005000592,,,,,,,,,,
493,4,4,鄞涵涵,2,1008,86342204,106,2,99999999,2,0,10005000593,,,,,,,,,,
494,4,4,糜初蓝,2,1008,43528352,309,2,99999999,1,0,10005000594,,,,,,,,,,
495,4,4,邗运凯,2,1008,51955222,234,2,99999999,3,0,10005000595,,,,,,,,,,
496,4,4,仰君昊,2,1008,72923329,465,2,99999999,3,0,10005000596,,,,,,,,,,
497,4,4,斛若蕊,2,1008,37137358,273,2,99999999,2,0,10005000597,,,,,,,,,,
498,4,4,堂芷波,2,1008,89432929,288,2,99999999,2,0,10005000598,,,,,,,,,,
499,4,4,怀小琴,2,1008,30659921,359,2,99999999,2,0,10005000599,,,,,,,,,,
500,4,4,孛夏波,2,1008,89931240,254,2,99999999,3,0,10005000600,,,,,,,,,,
501,4,4,巧嘉祯,2,1008,73027654,319,2,99999999,3,0,10005000601,,,,,,,,,,
502,4,4,貊晴岚,2,1008,50759882,319,2,99999999,3,0,10005000602,,,,,,,,,,
503,4,4,雍芸欣,2,1008,59384821,302,2,99999999,1,0,10005000603,,,,,,,,,,
504,4,4,席雅丽,2,1008,40504122,238,2,99999999,1,0,10005000604,,,,,,,,,,
505,4,4,五修永,2,1008,56937002,409,2,99999999,2,0,10005000605,,,,,,,,,,
506,4,4,答飞航,2,1008,43114012,292,2,99999999,1,0,10005000606,,,,,,,,,,
507,4,4,磨尔蝶,2,1008,73475501,263,2,99999999,3,0,10005000607,,,,,,,,,,
508,4,4,淦开畅,2,1008,71298325,443,2,99999999,3,0,10005000608,,,,,,,,,,
509,4,4,姬辰沛,2,1008,46201375,121,2,99999999,3,0,10005000609,,,,,,,,,,
510,4,4,德秀竹,2,1008,35584372,373,2,99999999,2,0,10005000610,,,,,,,,,,
511,4,4,谷梁绮南,2,1008,30390753,388,2,99999999,3,0,10005000611,,,,,,,,,,
512,4,4,求碧萱,2,1008,33528245,132,2,99999999,2,0,10005000612,,,,,,,,,,
513,4,4,司空幼菱,2,1008,53649391,467,2,99999999,2,0,10005000613,,,,,,,,,,
514,4,4,尾思雅,2,1008,55168526,409,2,99999999,1,0,10005000614,,,,,,,,,,
515,4,4,却桂帆,2,1008,53863742,355,2,99999999,3,0,10005000615,,,,,,,,,,
516,4,4,米昊天,2,1008,76774436,484,2,99999999,3,0,10005000616,,,,,,,,,,
517,4,4,声靖柔,2,1008,47956827,155,2,99999999,2,0,10005000617,,,,,,,,,,
518,4,4,典驰文,2,1008,34972884,389,2,99999999,3,0,10005000618,,,,,,,,,,
519,4,4,竭雪兰,2,1008,70009459,391,2,99999999,2,0,10005000619,,,,,,,,,,
520,4,4,桂雨梅,2,1008,63981681,274,2,99999999,2,0,10005000620,,,,,,,,,,
521,4,4,铎浩大,2,1008,63434797,497,2,99999999,2,0,10005000621,,,,,,,,,,
522,4,4,犁奇略,2,1008,83508311,148,2,99999999,1,0,10005000622,,,,,,,,,,
523,4,4,牢双文,2,1008,51600825,409,2,99999999,2,0,10005000623,,,,,,,,,,
524,4,4,佛书竹,2,1008,45200071,442,2,99999999,2,0,10005000624,,,,,,,,,,
525,4,4,弥佳悦,2,1008,79271434,201,2,99999999,1,0,10005000625,,,,,,,,,,
526,4,4,来秋翠,2,1008,50162310,446,2,99999999,2,0,10005000626,,,,,,,,,,
527,4,4,似兴运,2,1008,75342822,361,2,99999999,1,0,10005000627,,,,,,,,,,
528,4,4,卞彦芝,2,1008,30680757,384,2,99999999,1,0,10005000628,,,,,,,,,,
529,4,4,阿丹蝶,2,1008,76284771,170,2,99999999,2,0,10005000629,,,,,,,,,,
530,4,4,咸安青,2,1008,66781301,374,2,99999999,3,0,10005000630,,,,,,,,,,
531,4,4,贝悠柔,2,1008,30159032,364,2,99999999,1,0,10005000631,,,,,,,,,,
532,4,4,飞问风,2,1008,35724556,265,2,99999999,3,0,10005000632,,,,,,,,,,
533,4,4,普婉清,2,1008,68393368,470,2,99999999,1,0,10005000633,,,,,,,,,,
534,4,4,夏泽恩,2,1008,33414046,181,2,99999999,2,0,10005000634,,,,,,,,,,
535,4,4,错和怡,2,1008,61034689,263,2,99999999,3,0,10005000635,,,,,,,,,,
536,4,4,杞婉奕,2,1008,39433190,338,2,99999999,1,0,10005000636,,,,,,,,,,
537,4,4,裴丰雅,2,1008,33104879,170,2,99999999,3,0,10005000637,,,,,,,,,,
538,4,4,翟春柏,2,1008,41649145,131,2,99999999,2,0,10005000638,,,,,,,,,,
539,4,4,利琳溪,2,1008,47187736,138,2,99999999,2,0,10005000639,,,,,,,,,,
540,4,4,詹向露,2,1008,63598712,120,2,99999999,2,0,10005000640,,,,,,,,,,
541,4,4,林梅雪,2,1008,83155498,396,2,99999999,3,0,10005000641,,,,,,,,,,
542,4,4,乐正安平,2,1008,31483135,411,2,99999999,3,0,10005000642,,,,,,,,,,
543,4,4,伦余馥,2,1008,60536713,209,2,99999999,1,0,10005000643,,,,,,,,,,
544,4,4,针嘉禧,2,1008,35317050,200,2,99999999,1,0,10005000644,,,,,,,,,,
545,4,4,沐乐双,2,1008,40842358,120,2,99999999,2,0,10005000645,,,,,,,,,,
546,4,4,弓语山,2,1008,69110781,252,2,99999999,3,0,10005000646,,,,,,,,,,
547,4,4,宫冬菱,2,1008,47893803,442,2,99999999,1,0,10005000647,,,,,,,,,,
548,4,4,须碧白,2,1008,89369894,216,2,99999999,1,0,10005000648,,,,,,,,,,
549,4,4,蒲平萱,2,1008,39459224,456,2,99999999,1,0,10005000649,,,,,,,,,,
550,4,4,薄德业,2,1008,86160373,434,2,99999999,2,0,10005000650,,,,,,,,,,
551,4,4,圣芳洁,2,1008,35854662,143,2,99999999,3,0,10005000651,,,,,,,,,,
552,4,4,田阳朔,2,1008,60160530,108,2,99999999,3,0,10005000652,,,,,,,,,,
553,4,4,凭欣怡,2,1008,45099307,443,2,99999999,2,0,10005000653,,,,,,,,,,
554,4,4,恭熙熙,2,1008,37459266,354,2,99999999,3,0,10005000654,,,,,,,,,,
555,4,4,端念雁,2,1008,33267703,403,2,99999999,1,0,10005000655,,,,,,,,,,
556,4,4,愈雁蓉,2,1008,82789630,315,2,99999999,3,0,10005000656,,,,,,,,,,
557,4,4,司马韦柔,2,1008,57941847,230,2,99999999,2,0,10005000657,,,,,,,,,,
558,4,4,严春翠,2,1008,57869360,431,2,99999999,1,0,10005000658,,,,,,,,,,
559,4,4,苑悠馨,2,1008,43490370,154,2,99999999,1,0,10005000659,,,,,,,,,,
560,4,4,夹谷华容,2,1008,69761402,447,2,99999999,3,0,10005000660,,,,,,,,,,
561,4,4,揭中震,2,1008,36322947,172,2,99999999,1,0,10005000661,,,,,,,,,,
562,4,4,鞠永昌,2,1008,47199154,427,2,99999999,3,0,10005000662,,,,,,,,,,
563,4,4,张简雍雅,2,1008,42421862,462,2,99999999,1,0,10005000663,,,,,,,,,,
564,4,4,计伟毅,2,1008,86423541,372,2,99999999,1,0,10005000664,,,,,,,,,,
565,4,4,别怀薇,2,1008,85383301,245,2,99999999,1,0,10005000665,,,,,,,,,,
566,4,4,禄映安,2,1008,53824134,272,2,99999999,3,0,10005000666,,,,,,,,,,
567,4,4,赤灵萱,2,1008,82079508,201,2,99999999,2,0,10005000667,,,,,,,,,,
568,4,4,茂晶滢,2,1008,68578690,451,2,99999999,3,0,10005000668,,,,,,,,,,
569,4,4,徭亦凝,2,1008,52314153,195,2,99999999,1,0,10005000669,,,,,,,,,,
570,4,4,端木念之,2,1008,61748855,420,2,99999999,2,0,10005000670,,,,,,,,,,
571,4,4,称光誉,2,1008,64456540,284,2,99999999,2,0,10005000671,,,,,,,,,,
572,4,4,诗昂雄,2,1008,59952268,129,2,99999999,2,0,10005000672,,,,,,,,,,
573,4,4,卫靓影,2,1008,35119284,316,2,99999999,2,0,10005000673,,,,,,,,,,
574,4,4,宗政觅露,2,1008,79557276,172,2,99999999,1,0,10005000674,,,,,,,,,,
575,4,4,操欣嘉,2,1008,73226776,420,2,99999999,3,0,10005000675,,,,,,,,,,
576,4,4,六听春,2,1008,77994839,330,2,99999999,1,0,10005000676,,,,,,,,,,
577,4,4,茹MM,2,1008,46913150,357,2,99999999,3,0,10005000677,,,,,,,,,,
578,4,4,镇惜雪,2,1008,66363349,315,2,99999999,1,0,10005000678,,,,,,,,,,
579,4,4,夙英朗,2,1008,41804618,254,2,99999999,2,0,10005000679,,,,,,,,,,
580,4,4,项刚洁,2,1008,49751689,100,2,99999999,1,0,10005000680,,,,,,,,,,
581,4,4,居运鹏,2,1008,80283841,490,2,99999999,3,0,10005000681,,,,,,,,,,
582,4,4,扈文彦,2,1008,72685473,137,2,99999999,1,0,10005000682,,,,,,,,,,
583,4,4,止骊茹,2,1008,65298604,333,2,99999999,1,0,10005000683,,,,,,,,,,
584,4,4,柯阳华,2,1008,50960032,196,2,99999999,1,0,10005000684,,,,,,,,,,
585,4,4,摩文昌,2,1008,55590048,225,2,99999999,2,0,10005000685,,,,,,,,,,
586,4,4,凤之卉,2,1008,48887807,429,2,99999999,3,0,10005000686,,,,,,,,,,
587,4,4,同采蓝,2,1008,62981990,234,2,99999999,2,0,10005000687,,,,,,,,,,
588,4,4,次昆纬,2,1008,78331308,273,2,99999999,3,0,10005000688,,,,,,,,,,
589,4,4,戏鸿达,2,1008,57586042,405,2,99999999,3,0,10005000689,,,,,,,,,,
590,4,4,宛锦凡,2,1008,35913391,416,2,99999999,3,0,10005000690,,,,,,,,,,
591,4,4,蔡甜恬,2,1008,69761381,335,2,99999999,3,0,10005000691,,,,,,,,,,
592,4,4,务芮欢,2,1008,63457156,421,2,99999999,2,0,10005000692,,,,,,,,,,
593,4,4,丰白曼,2,1008,36131655,207,2,99999999,3,0,10005000693,,,,,,,,,,
594,4,4,赏浩然,2,1008,86572064,419,2,99999999,1,0,10005000694,,,,,,,,,,
595,4,4,进竹悦,2,1008,41905623,315,2,99999999,3,0,10005000695,,,,,,,,,,
596,4,4,竹修竹,2,1008,57870378,146,2,99999999,1,0,10005000696,,,,,,,,,,
597,4,4,井梦秋,2,1008,39863189,167,2,99999999,1,0,10005000697,,,,,,,,,,
598,4,4,浮沛儿,2,1008,33522186,327,2,99999999,3,0,10005000698,,,,,,,,,,
599,4,4,兴梓萱,2,1008,77697659,306,2,99999999,1,0,10005000699,,,,,,,,,,
600,4,4,养清奇,2,1008,38026596,361,2,99999999,2,0,10005000700,,,,,,,,,,
601,4,4,清雅容,2,1008,38907297,402,2,99999999,1,0,10005000701,,,,,,,,,,
602,4,4,天春姝,2,1008,73338166,361,2,99999999,2,0,10005000702,,,,,,,,,,
603,4,4,滕博雅,2,1008,80887666,353,2,99999999,3,0,10005000703,,,,,,,,,,
604,4,4,麦绣梓,2,1008,83247400,282,2,99999999,3,0,10005000704,,,,,,,,,,
605,4,4,申友易,2,1008,34959071,238,2,99999999,3,0,10005000705,,,,,,,,,,
606,4,4,瞿梦菡,2,1008,38976622,316,2,99999999,3,0,10005000706,,,,,,,,,,
607,4,4,花恬美,2,1008,64082996,328,2,99999999,1,0,10005000707,,,,,,,,,,
608,4,4,牧彩静,2,1008,40138100,395,2,99999999,1,0,10005000708,,,,,,,,,,
609,4,4,秋尔安,2,1008,61749305,438,2,99999999,3,0,10005000709,,,,,,,,,,
610,4,4,韶庆雪,2,1008,49579162,166,2,99999999,1,0,10005000710,,,,,,,,,,
611,4,4,章雨琴,2,1008,86060297,413,2,99999999,2,0,10005000711,,,,,,,,,,
612,4,4,业听春,2,1008,78851944,478,2,99999999,2,0,10005000712,,,,,,,,,,
613,4,4,粟宏浚,2,1008,59803392,398,2,99999999,2,0,10005000713,,,,,,,,,,
614,4,4,水成文,2,1008,62966785,291,2,99999999,1,0,10005000714,,,,,,,,,,
615,4,4,陆书兰,2,1008,81936650,189,2,99999999,3,0,10005000715,,,,,,,,,,
616,4,4,顿晓瑶,2,1008,30200876,474,2,99999999,3,0,10005000716,,,,,,,,,,
617,4,4,贾幻竹,2,1008,54662791,204,2,99999999,2,0,10005000717,,,,,,,,,,
618,4,4,晁寄柔,2,1008,54929333,472,2,99999999,2,0,10005000718,,,,,,,,,,
619,4,4,何弘新,2,1008,83114504,228,2,99999999,2,0,10005000719,,,,,,,,,,
620,4,4,殳俊慧,2,1008,32798729,249,2,99999999,3,0,10005000720,,,,,,,,,,
621,4,4,金宜然,2,1008,50424169,111,2,99999999,2,0,10005000721,,,,,,,,,,
622,4,4,甲晓楠,2,1008,73327523,285,2,99999999,2,0,10005000722,,,,,,,,,,
623,4,4,佼惠君,2,1008,75599437,303,2,99999999,3,0,10005000723,,,,,,,,,,
624,4,4,益凌霜,2,1008,36442177,331,2,99999999,1,0,10005000724,,,,,,,,,,
625,4,4,闵丁辰,2,1008,52188587,364,2,99999999,2,0,10005000725,,,,,,,,,,
626,4,4,柴佩珍,2,1008,55677799,253,2,99999999,1,0,10005000726,,,,,,,,,,
627,4,4,洋曼岚,2,1008,56773881,495,2,99999999,2,0,10005000727,,,,,,,,,,
628,4,4,卑经国,2,1008,35732193,326,2,99999999,2,0,10005000728,,,,,,,,,,
629,4,4,罕俊名,2,1008,47948702,247,2,99999999,1,0,10005000729,,,,,,,,,,
630,4,4,笃翊君,2,1008,89835466,107,2,99999999,1,0,10005000730,,,,,,,,,,
631,4,4,皇鸿祯,2,1008,31543617,361,2,99999999,1,0,10005000731,,,,,,,,,,
632,4,4,边阳阳,2,1008,68613289,366,2,99999999,1,0,10005000732,,,,,,,,,,
633,4,4,唐芷荷,2,1008,69770584,206,2,99999999,2,0,10005000733,,,,,,,,,,
634,4,4,呼延远航,2,1008,55138765,480,2,99999999,1,0,10005000734,,,,,,,,,,
635,4,4,路小晨,2,1008,75165596,278,2,99999999,1,0,10005000735,,,,,,,,,,
636,4,4,无美华,2,1008,74811482,310,2,99999999,3,0,10005000736,,,,,,,,,,
637,4,4,夷睿明,2,1008,38986885,447,2,99999999,2,0,10005000737,,,,,,,,,,
638,4,4,乌代容,2,1008,85610207,241,2,99999999,3,0,10005000738,,,,,,,,,,
639,4,4,翁怀蕾,2,1008,68078665,234,2,99999999,2,0,10005000739,,,,,,,,,,
640,4,4,漆明凝,2,1008,44659283,265,2,99999999,2,0,10005000740,,,,,,,,,,
641,4,4,公羊曼安,2,1008,45341547,136,2,99999999,2,0,10005000741,,,,,,,,,,
642,4,4,帅翰音,2,1008,70911056,354,2,99999999,2,0,10005000742,,,,,,,,,,
643,4,4,勇兴修,2,1008,75011670,323,2,99999999,3,0,10005000743,,,,,,,,,,
644,4,4,长善静,2,1008,36786828,282,2,99999999,2,0,10005000744,,,,,,,,,,
645,4,4,丑安南,2,1008,52290142,260,2,99999999,1,0,10005000745,,,,,,,,,,
646,4,4,黎清妍,2,1008,78452642,391,2,99999999,2,0,10005000746,,,,,,,,,,
647,4,4,素家馨,2,1008,65435677,294,2,99999999,1,0,10005000747,,,,,,,,,,
648,4,4,羿作人,2,1008,34528675,283,2,99999999,2,0,10005000748,,,,,,,,,,
649,4,4,苟文思,2,1008,77100132,398,2,99999999,2,0,10005000749,,,,,,,,,,
650,4,4,原凝竹,2,1008,72223607,159,2,99999999,3,0,10005000750,,,,,,,,,,
651,4,4,战海之,2,1008,89995299,113,2,99999999,1,0,10005000751,,,,,,,,,,
652,4,4,己尔蓝,2,1008,33390567,268,2,99999999,3,0,10005000752,,,,,,,,,,
653,4,4,稽绿柳,2,1008,38225250,351,2,99999999,2,0,10005000753,,,,,,,,,,
654,4,4,念绍晖,2,1008,43163191,457,2,99999999,3,0,10005000754,,,,,,,,,,
655,4,4,庞迎真,2,1008,74391929,391,2,99999999,2,0,10005000755,,,,,,,,,,
656,4,4,少家骏,2,1008,42691610,210,2,99999999,3,0,10005000756,,,,,,,,,,
657,4,4,希晗h,2,1008,61157363,145,2,99999999,3,0,10005000757,,,,,,,,,,
658,4,4,析瑜Z,2,1008,37830270,271,2,99999999,1,0,10005000758,,,,,,,,,,
659,4,4,牵幻梅,2,1008,73814205,161,2,99999999,3,0,10005000759,,,,,,,,,,
660,4,4,杜佳思,2,1008,72616980,284,2,99999999,1,0,10005000760,,,,,,,,,,
661,4,4,出波涛,2,1008,43984925,257,2,99999999,3,0,10005000761,,,,,,,,,,
662,4,4,纳琴雪,2,1008,40205512,343,2,99999999,3,0,10005000762,,,,,,,,,,
663,4,4,崔一禾,2,1008,40104386,236,2,99999999,3,0,10005000763,,,,,,,,,,
664,4,4,彤依丝,2,1008,56603418,412,2,99999999,1,0,10005000764,,,,,,,,,,
665,4,4,漫盈盈,2,1008,47695733,456,2,99999999,2,0,10005000765,,,,,,,,,,
666,4,4,阚醉香,2,1008,60072000,300,2,99999999,2,0,10005000766,,,,,,,,,,
667,4,4,但惜香,2,1008,36651421,213,2,99999999,3,0,10005000767,,,,,,,,,,
668,4,4,酆代秋,2,1008,81561444,109,2,99999999,2,0,10005000768,,,,,,,,,,
669,4,4,嘉香波,2,1008,66987306,490,2,99999999,3,0,10005000769,,,,,,,,,,
670,4,4,储采波,2,1008,46049385,484,2,99999999,3,0,10005000770,,,,,,,,,,
671,4,4,旅彭越,2,1008,53834269,293,2,99999999,1,0,10005000771,,,,,,,,,,
672,4,4,翠飞翔,2,1008,76896528,364,2,99999999,2,0,10005000772,,,,,,,,,,
673,4,4,母悦畅,2,1008,59256781,426,2,99999999,2,0,10005000773,,,,,,,,,,
674,4,4,荣欣然,2,1008,55171476,489,2,99999999,1,0,10005000774,,,,,,,,,,
675,4,4,万恬美,2,1008,87818814,268,2,99999999,1,0,10005000775,,,,,,,,,,
676,4,4,占楚楚,2,1008,30145387,220,2,99999999,2,0,10005000776,,,,,,,,,,
677,4,4,蔚华彩,2,1008,42050197,271,2,99999999,3,0,10005000777,,,,,,,,,,
678,4,4,廉燕晨,2,1008,58627704,292,2,99999999,2,0,10005000778,,,,,,,,,,
679,4,4,斋樱花,2,1008,59001718,376,2,99999999,3,0,10005000779,,,,,,,,,,
680,4,4,巫马芮美,2,1008,68055592,273,2,99999999,3,0,10005000780,,,,,,,,,,
681,4,4,闾丘芦雪,2,1008,88651379,129,2,99999999,1,0,10005000781,,,,,,,,,,
682,4,4,哈丹红,2,1008,30438278,464,2,99999999,2,0,10005000782,,,,,,,,,,
683,4,4,夏侯华荣,2,1008,72047044,144,2,99999999,1,0,10005000783,,,,,,,,,,
684,4,4,奇俊豪,2,1008,53194427,481,2,99999999,2,0,10005000784,,,,,,,,,,
685,4,4,藩谷枫,2,1008,30751449,377,2,99999999,3,0,10005000785,,,,,,,,,,
686,4,4,许丹丹,2,1008,64533133,488,2,99999999,3,0,10005000786,,,,,,,,,,
687,4,4,其桃雨,2,1008,80237186,114,2,99999999,3,0,10005000787,,,,,,,,,,
688,4,4,化纳兰,2,1008,66938106,383,2,99999999,1,0,10005000788,,,,,,,,,,
689,4,4,丛千柳,2,1008,69868152,364,2,99999999,1,0,10005000789,,,,,,,,,,
690,4,4,杭雪枫,2,1008,68218797,253,2,99999999,2,0,10005000790,,,,,,,,,,
691,4,4,南晨钰,2,1008,84874637,205,2,99999999,2,0,10005000791,,,,,,,,,,
692,4,4,丁清佳,2,1008,54526261,132,2,99999999,3,0,10005000792,,,,,,,,,,
693,4,4,载新烟,2,1008,84634840,448,2,99999999,3,0,10005000793,,,,,,,,,,
694,4,4,贡惜筠,2,1008,81155747,265,2,99999999,2,0,10005000794,,,,,,,,,,
695,4,4,成泰平,2,1008,80434922,437,2,99999999,1,0,10005000795,,,,,,,,,,
696,4,4,蒋景辉,2,1008,31489633,317,2,99999999,3,0,10005000796,,,,,,,,,,
697,4,4,阮思天,2,1008,72203566,209,2,99999999,1,0,10005000797,,,,,,,,,,
698,4,4,颜问丝,2,1008,62134623,473,2,99999999,2,0,10005000798,,,,,,,,,,
699,4,4,过乐悦,2,1008,41677783,117,2,99999999,2,0,10005000799,,,,,,,,,,
700,4,4,候绮露,2,1008,47653470,199,2,99999999,3,0,10005000800,,,,,,,,,,
701,4,4,汪德宇,2,1008,76222100,361,2,99999999,1,0,10005000801,,,,,,,,,,
702,4,4,易辰君,2,1008,60025819,355,2,99999999,3,0,10005000802,,,,,,,,,,
703,4,4,释妙之,2,1008,37956925,264,2,99999999,2,0,10005000803,,,,,,,,,,
704,4,4,乌雅红叶,2,1008,85152381,192,2,99999999,3,0,10005000804,,,,,,,,,,
705,4,4,习思凡,2,1008,87060601,147,2,99999999,1,0,10005000805,,,,,,,,,,
706,4,4,潜骞魁,2,1008,43195342,393,2,99999999,3,0,10005000806,,,,,,,,,,
707,4,4,仍淑华,2,1008,56473297,136,2,99999999,1,0,10005000807,,,,,,,,,,
708,4,4,华怡璐,2,1008,48575629,190,2,99999999,2,0,10005000808,,,,,,,,,,
709,4,4,宜凝心,2,1008,78561099,185,2,99999999,1,0,10005000809,,,,,,,,,,
710,4,4,施II,2,1008,32861817,107,2,99999999,3,0,10005000810,,,,,,,,,,
711,4,4,霜飞雪,2,1008,84746322,250,2,99999999,3,0,10005000811,,,,,,,,,,
712,4,4,庹飞丹,2,1008,81812761,133,2,99999999,1,0,10005000812,,,,,,,,,,
713,4,4,勤芮波,2,1008,74676235,192,2,99999999,2,0,10005000813,,,,,,,,,,
714,4,4,尉迟念云,2,1008,57315529,332,2,99999999,2,0,10005000814,,,,,,,,,,
715,4,4,谏雪萍,2,1008,40576186,150,2,99999999,1,0,10005000815,,,,,,,,,,
716,4,4,敛盼柳,2,1008,87635336,310,2,99999999,2,0,10005000816,,,,,,,,,,
717,4,4,笪承泽,2,1008,57225147,483,2,99999999,1,0,10005000817,,,,,,,,,,
718,4,4,冉雅柔,2,1008,70487393,435,2,99999999,3,0,10005000818,,,,,,,,,,
719,4,4,燕亦巧,2,1008,48379866,247,2,99999999,3,0,10005000819,,,,,,,,,,
720,4,4,俎幼怡,2,1008,83590337,362,2,99999999,1,0,10005000820,,,,,,,,,,
721,4,4,区美丽,2,1008,81749789,276,2,99999999,3,0,10005000821,,,,,,,,,,
722,4,4,裔康平,2,1008,74662892,440,2,99999999,2,0,10005000822,,,,,,,,,,
723,4,4,汉星鹏,2,1008,62901785,248,2,99999999,3,0,10005000823,,,,,,,,,,
724,4,4,潮和暖,2,1008,58519307,255,2,99999999,2,0,10005000824,,,,,,,,,,
725,4,4,宗书萱,2,1008,37386734,159,2,99999999,1,0,10005000825,,,,,,,,,,
726,4,4,力文轩,2,1008,67903108,168,2,99999999,2,0,10005000826,,,,,,,,,,
727,4,4,帖颖慧,2,1008,66294001,459,2,99999999,3,0,10005000827,,,,,,,,,,
728,4,4,盈真茹,2,1008,69447782,322,2,99999999,3,0,10005000828,,,,,,,,,,
729,4,4,潘璇子,2,1008,87344295,237,2,99999999,1,0,10005000829,,,,,,,,,,
730,4,4,钦平宁,2,1008,76016708,458,2,99999999,1,0,10005000830,,,,,,,,,,
731,4,4,佘雅宁,2,1008,37344026,308,2,99999999,2,0,10005000831,,,,,,,,,,
732,4,4,江和暖,2,1008,69742393,394,2,99999999,2,0,10005000832,,,,,,,,,,
733,4,4,骑星菱,2,1008,72270795,153,2,99999999,2,0,10005000833,,,,,,,,,,
734,4,4,隗谷之,2,1008,38341922,500,2,99999999,3,0,10005000834,,,,,,,,,,
735,4,4,叔访儿,2,1008,68633274,396,2,99999999,1,0,10005000835,,,,,,,,,,
736,4,4,展元正,2,1008,46912874,110,2,99999999,3,0,10005000836,,,,,,,,,,
737,4,4,盖巧云,2,1008,47534500,130,2,99999999,3,0,10005000837,,,,,,,,,,
738,4,4,慎寄蓝,2,1008,61497844,226,2,99999999,3,0,10005000838,,,,,,,,,,
739,4,4,狄婉慧,2,1008,83047383,129,2,99999999,1,0,10005000839,,,,,,,,,,
740,4,4,枝天巧,2,1008,57294489,388,2,99999999,3,0,10005000840,,,,,,,,,,
741,4,4,瑞娴雅,2,1008,72940544,266,2,99999999,3,0,10005000841,,,,,,,,,,
742,4,4,九浩慨,2,1008,73089635,111,2,99999999,2,0,10005000842,,,,,,,,,,
743,4,4,梁丘乐山,2,1008,65759154,104,2,99999999,1,0,10005000843,,,,,,,,,,
744,4,4,邹元彤,2,1008,68150153,176,2,99999999,1,0,10005000844,,,,,,,,,,
745,4,4,师晶晶,2,1008,60799029,117,2,99999999,3,0,10005000845,,,,,,,,,,
746,4,4,翦晋鹏,2,1008,58506636,348,2,99999999,1,0,10005000846,,,,,,,,,,
747,4,4,山向槐,2,1008,58519414,139,2,99999999,3,0,10005000847,,,,,,,,,,
748,4,4,阎牧歌,2,1008,86145797,311,2,99999999,2,0,10005000848,,,,,,,,,,
749,4,4,叶笑天,2,1008,77537211,267,2,99999999,3,0,10005000849,,,,,,,,,,
750,4,4,贲鸿羲,2,1008,43328934,253,2,99999999,3,0,10005000850,,,,,,,,,,
